{"cameraMode":{"drawMode":0,"name":"Shaded","section":"Shading Mode"},"sceneLighting":false,"audioPlay":false,"sceneViewState":{"m_AlwaysRefresh":false,"showFog":true,"showSkybox":false,"showFlares":true,"showImageEffects":true,"showParticleSystems":true,"showVisualEffectGraphs":true,"m_FxEnabled":true},"in2DMode":false,"pivot":{"x":-2.8399994373321535,"y":0.3399999141693115,"z":-4.8600006103515629},"rotation":{"x":-0.13627076148986817,"y":-0.7538940906524658,"z":0.16542816162109376,"w":-0.6210792064666748},"size":7.4944233894348148,"orthographic":true}